Team,AdjEM_torvik,Tempo_torvik,AdjEM_kenpom,Tempo_kenpom,AdjEM_evanmiya,Tempo_evanmiya,AdjEM_blend,Tempo_blend,sources_used,InjuryAdj,AdjEM_current,source_count
Duke,37.32434999760389,65.80289902502722,38.9,65.3,34.7,67.1,37.25913124910146,65.9385871343852,"torvik,kenpom,evanmiya",-0.206169,37.052962249101455,3
Michigan,36.58761441032887,71.21588775355953,37.59,70.9,35.0,72.0,36.566605403873325,71.29345790758482,"torvik,kenpom,evanmiya",-0.10449000000000001,36.46211540387333,3
Arizona,35.53405460727983,70.0265807984333,37.66,69.8,32.0,71.4,35.44777047772993,70.28496779941248,"torvik,kenpom,evanmiya",0.0,35.44777047772993,3
Florida,33.83866245918844,70.39846831640578,33.79,70.5,31.8,71.6,33.310748422195665,70.73692561865217,"torvik,kenpom,evanmiya",0.0,33.310748422195665,3
Houston,32.97791966955404,63.32516871557185,33.43,63.3,31.7,64.9,32.82796987608276,63.70943826833944,"torvik,kenpom,evanmiya",-0.09072000000000001,32.737249876082764,3
Illinois,33.7419147275027,65.71825606645093,32.1,65.5,29.9,67.1,32.165718022813515,65.9818460249191,"torvik,kenpom,evanmiya",-0.0840585,32.08165952281352,3
Purdue,33.03690750315789,64.43644110017448,31.2,64.4,28.8,65.6,31.288840313684208,64.71366541256543,"torvik,kenpom,evanmiya",0.0,31.288840313684208,3
Iowa St.,31.138226081908627,66.96165457910595,32.42,66.5,29.5,68.3,31.209334780715736,67.12312046716474,"torvik,kenpom,evanmiya",-0.10283250000000001,31.106502280715734,3
Connecticut,28.12446767600099,64.58279664461328,27.87,64.4,28.1,65.4,28.022925378500368,64.71854874172999,"torvik,kenpom,evanmiya",-0.0798,27.94312537850037,3
Vanderbilt,28.11356216820485,68.98180715559334,27.51,68.8,25.6,70.0,27.25883581307682,69.1681776833475,"torvik,kenpom,evanmiya",-0.09072000000000001,27.16811581307682,3
Michigan St.,26.72971977587774,65.98079627712967,28.31,66.0,26.5,67.2,27.26489491595415,66.29279860392363,"torvik,kenpom,evanmiya",-0.192282,27.072612915954153,3
Gonzaga,26.263527698591773,68.93236315364123,28.1,68.6,26.8,70.4,27.086322886971917,69.17463618261547,"torvik,kenpom,evanmiya",-0.0798,27.00652288697192,3
Virginia,26.41909457125095,65.57763983291127,26.71,65.7,24.4,66.9,26.023410464219104,65.95411493734173,"torvik,kenpom,evanmiya",0.0,26.023410464219104,3
St John's,25.711537428332548,69.60376018997675,25.91,69.6,26.1,70.8,25.883076535624703,69.90141007124129,"torvik,kenpom,evanmiya",-0.170457,25.712619535624704,3
Arkansas,26.272828642764352,70.97427124123527,26.05,71.0,23.2,71.5,25.421060741036634,71.11535171546322,"torvik,kenpom,evanmiya",-0.014249999999999999,25.406810741036633,3
Tennessee,25.970866928550862,65.22477844539156,26.02,65.0,23.5,66.2,25.371575098206574,65.38429191702184,"torvik,kenpom,evanmiya",-0.09251812499999999,25.279056973206572,3
Alabama,26.711009622254892,73.05923674304215,25.72,73.1,22.8,74.3,25.361628608345583,73.3847137786408,"torvik,kenpom,evanmiya",-0.093345,25.268283608345584,3
Louisville,25.86810676848276,69.71230724985458,25.42,69.6,22.5,70.9,24.858040038181038,69.96711521869545,"torvik,kenpom,evanmiya",-0.09072000000000001,24.767320038181037,3
Nebraska,23.77046774383396,66.82093045578033,26.16,66.7,22.3,68.0,24.298925403937734,67.07034892091762,"torvik,kenpom,evanmiya",-0.1128075,24.186117903937735,3
Wisconsin,25.5349297799861,68.69395616975298,23.39,68.7,22.3,69.1,23.92184866749479,68.79773356365737,"torvik,kenpom,evanmiya",-0.029728125,23.89212054249479,3
Kansas,23.485876864361515,67.6096555724268,24.44,67.6,22.2,68.7,23.52220382413557,67.87862083966004,"torvik,kenpom,evanmiya",0.0,23.52220382413557,3
Ohio St.,23.60935812566528,66.16146682769845,22.24,66.1,20.9,67.5,22.41850929712448,66.47305006038691,"torvik,kenpom,evanmiya",-0.040201875,22.37830742212448,3
St. Mary's CA,21.80348849409711,65.30213914311945,23.07,65.2,20.4,66.1,21.927558185286415,65.46330217866979,"torvik,kenpom,evanmiya",-0.0798,21.847758185286416,3
Iowa,21.939779836605126,63.027100530741095,22.44,63.0,20.1,64.8,21.667417438726922,63.460162699027904,"torvik,kenpom,evanmiya",-0.09072000000000001,21.57669743872692,3
UCLA,22.75754656513452,64.68768853525523,21.67,64.6,20.3,66.0,21.735329961925444,64.9828832007207,"torvik,kenpom,evanmiya",-0.168525,21.566804961925445,3
Texas Tech,27.504107083728286,66.40820549405308,25.22,66.2,18.6,67.5,24.42154015639811,66.60307706026991,"torvik,kenpom,evanmiya",-3.5798,20.84174015639811,3
Kentucky,19.925073166799876,68.31926791640589,21.48,68.3,20.2,69.8,20.576902437549954,68.6822254686522,"torvik,kenpom,evanmiya",-0.15423,20.422672437549956,3
Utah St.,20.943198533219856,67.55370639809594,20.76,67.7,17.6,68.5,20.03869944995745,67.84513989928598,"torvik,kenpom,evanmiya",0.0,20.03869944995745,3
Miami FL,19.611579742408367,67.92965806895972,20.68,67.6,18.8,68.8,19.809342403403136,68.0236217758599,"torvik,kenpom,evanmiya",0.0,19.809342403403136,3
Georgia,19.556869504158726,72.02594121399021,20.48,71.4,18.3,72.4,19.58882606405952,71.88472795524632,"torvik,kenpom,evanmiya",0.0,19.58882606405952,3
Santa Clara,21.284588129498914,69.25742380217886,19.4,69.2,16.9,70.1,19.481720548562095,69.44653392581708,"torvik,kenpom,evanmiya",0.0,19.481720548562095,3
Clemson,19.58659257244048,64.27331427615292,19.24,64.2,17.9,65.6,19.03497221466518,64.57749285355735,"torvik,kenpom,evanmiya",-0.09072000000000001,18.94425221466518,3
N.C. St.,19.444457014580806,69.0919221132396,19.6,69.1,16.5,70.2,18.766671380467802,69.37197079246485,"torvik,kenpom,evanmiya",-0.076,18.6906713804678,3
Oklahoma,19.28250888788446,66.14948261401828,18.37,66.2,17.3,67.5,18.444690832956674,66.50605598025686,"torvik,kenpom,evanmiya",0.0,18.444690832956674,3
Villanova,19.07313935270716,64.9463968021141,19.97,65.2,15.2,66.6,18.441177257265185,65.45489880079279,"torvik,kenpom,evanmiya",-0.0798,18.361377257265186,3
BYU,20.420025908399396,69.7791356811537,23.25,69.9,16.4,70.9,20.476259715649775,70.10467588043264,"torvik,kenpom,evanmiya",-2.2,18.276259715649775,3
Cincinnati,18.61539477893568,67.65123785568427,17.49,67.5,19.0,68.3,18.289523042100882,67.7567141958816,"torvik,kenpom,evanmiya",-0.0149625,18.274560542100883,3
Auburn,18.40755867739226,67.35195156242193,19.02,67.2,16.9,68.5,18.260334504022097,67.58198183590822,"torvik,kenpom,evanmiya",-0.0696,18.190734504022096,3
Texas A&M,18.498112685088245,71.0158608343569,18.67,70.5,16.4,72.0,18.038042256908092,71.06844781288385,"torvik,kenpom,evanmiya",-0.0798,17.958242256908093,3
St. Louis,17.342256301135123,71.01390387539206,18.32,71.0,17.8,72.1,17.82334611292567,71.28021395327201,"torvik,kenpom,evanmiya",0.0,17.82334611292567,3
Texas,17.663322046792075,67.09866522467256,19.03,66.9,16.9,67.9,17.984995767547026,67.2244994592522,"torvik,kenpom,evanmiya",-0.210421,17.774574767547026,3
SMU,18.073021872257783,68.62208707582035,18.09,68.5,16.8,70.1,17.76113320209667,68.94578265343263,"torvik,kenpom,evanmiya",-0.01701,17.74412320209667,3
Indiana,19.85105941402584,66.19917503996193,17.18,66.1,15.3,67.3,17.71164728025969,66.43719063998573,"torvik,kenpom,evanmiya",-0.110145,17.60150228025969,3
North Carolina,21.41455805614109,67.98560805753611,20.84,67.9,14.7,69.2,19.520459271052907,68.25710302157604,"torvik,kenpom,evanmiya",-3.147253,16.373206271052908,3
VCU,16.196872305064673,68.68098165232902,17.21,68.5,15.4,70.0,16.377577114399255,68.94286811962338,"torvik,kenpom,evanmiya",-0.0615125,16.316064614399256,3
TCU,15.194921678767443,67.57960481950622,17.59,67.7,15.9,69.0,16.269345629537792,67.97985180731483,"torvik,kenpom,evanmiya",0.0,16.269345629537792,3
Baylor,16.78624452033064,67.83496364660178,16.0,67.8,15.1,68.9,16.06984169512399,68.08811136747568,"torvik,kenpom,evanmiya",-0.10385024999999999,15.96599144512399,3
San Diego St.,16.10743327427484,68.59866651900771,16.39,68.7,13.9,69.5,15.661537477853065,68.8619999446279,"torvik,kenpom,evanmiya",0.0,15.661537477853065,3
Missouri,16.893297316831877,66.37969633009976,15.39,66.2,14.4,67.6,15.706236493811954,66.61738612378741,"torvik,kenpom,evanmiya",-0.103438125,15.602798368811953,3
South Florida,15.362759475646243,71.40149162396509,16.39,71.5,15.2,72.5,15.70728480336734,71.71305935898691,"torvik,kenpom,evanmiya",-0.23304,15.47424480336734,3
Washington,14.58089205307327,67.05615449309522,15.12,67.1,13.4,68.1,14.487834519902476,67.33355793491071,"torvik,kenpom,evanmiya",-0.19226925,14.295565269902475,3
New Mexico,14.37332005439724,69.82927161350707,15.81,69.8,12.2,70.6,14.368745020398965,70.01097685506514,"torvik,kenpom,evanmiya",-0.1204635,14.248281520398965,3
UCF,14.327175688485639,69.1160646053316,15.04,69.2,11.7,70.4,13.937690883182114,69.46852422699936,"torvik,kenpom,evanmiya",0.0,13.937690883182114,3
Seton Hall,12.407033841179953,65.15665290474081,15.71,65.1,12.6,66.4,13.693887690442482,65.4462448392778,"torvik,kenpom,evanmiya",-0.11257312500000001,13.581314565442481,3
Virginia Tech,14.497104630627163,67.18958889258056,13.69,67.0,12.4,67.9,13.670164236485187,67.2960958347177,"torvik,kenpom,evanmiya",-0.103545,13.566619236485186,3
Florida St.,15.462782708796993,70.6081715552695,13.48,70.4,10.8,71.3,13.553543515798872,70.70306433322607,"torvik,kenpom,evanmiya",-0.15423,13.399313515798871,3
Boise St.,14.298365603603003,65.74261120388404,13.18,65.7,11.8,66.5,13.254387101351124,65.91597920145651,"torvik,kenpom,evanmiya",-0.05616,13.198227101351124,3
Grand Canyon,13.55578009549518,68.01296681614106,13.19,68.0,12.0,69.0,13.029667535810692,68.2548625560529,"torvik,kenpom,evanmiya",-0.014249999999999999,13.015417535810691,3
Northwestern,12.692835190434266,65.10549050165497,13.41,65.0,11.3,66.1,12.613563196412851,65.31455893812061,"torvik,kenpom,evanmiya",-0.014249999999999999,12.59931319641285,3
West Virginia,11.89262908177426,62.46294268686097,13.27,62.2,12.2,64.4,12.485985905665348,62.84860350757287,"torvik,kenpom,evanmiya",0.0,12.485985905665348,3
Stanford,13.356180861041096,66.99740273789037,13.37,66.7,10.1,68.1,12.547317822890411,67.16152602670888,"torvik,kenpom,evanmiya",-0.11230874999999998,12.435009072890411,3
Tulsa,12.7181564570012,67.77874681843895,12.97,67.9,10.6,69.4,12.283058671375452,68.2295300569146,"torvik,kenpom,evanmiya",-0.0162,12.266858671375452,3
Mississippi,12.376011710053973,66.07082898891652,12.62,66.3,11.6,67.5,12.27350439127024,66.5140608708437,"torvik,kenpom,evanmiya",-0.0864,12.18710439127024,3
Akron,11.828048371519856,70.32074100784978,12.8,70.3,11.3,71.4,12.060518139319946,70.58277787794367,"torvik,kenpom,evanmiya",0.0,12.060518139319946,3
LSU,12.07627401358316,66.58634069188814,13.23,66.6,9.1,67.9,11.764852755093685,66.91987775945805,"torvik,kenpom,evanmiya",0.0,11.764852755093685,3
McNeese,10.98480269571877,66.13607262561543,12.48,66.2,10.7,67.7,11.47430101089454,66.55102723460578,"torvik,kenpom,evanmiya",0.0,11.47430101089454,3
Wake Forest,12.23218247333243,68.29020034518406,11.39,68.1,10.5,69.2,11.483318427499661,68.44632512944402,"torvik,kenpom,evanmiya",-0.014249999999999999,11.46906842749966,3
Belmont,11.119193060449732,68.96801446445585,12.26,68.9,10.8,70.3,11.467197397668649,69.27550542417094,"torvik,kenpom,evanmiya",-0.0864,11.38079739766865,3
Providence,11.709508907500577,71.32687010314478,11.81,71.2,10.2,71.8,11.369815840312718,71.3975762886793,"torvik,kenpom,evanmiya",-0.10449000000000001,11.265325840312718,3
Arizona St.,12.86874584350086,69.21422191689733,12.52,69.2,7.9,70.3,11.495779691312823,69.4803332188365,"torvik,kenpom,evanmiya",-0.277189,11.218590691312823,3
Northern Iowa,11.129254034461894,62.18687070218464,11.81,62.3,10.6,64.2,11.252220262923212,62.73257651331923,"torvik,kenpom,evanmiya",-0.038287499999999995,11.213932762923212,3
Minnesota,13.84300287074592,62.65009822543392,10.91,62.5,8.2,64.2,11.33237607652972,62.98128683453773,"torvik,kenpom,evanmiya",-0.27019,11.06218607652972,3
Colorado,11.177745190817234,68.60904673844752,12.11,68.7,8.5,69.6,10.857904446556462,68.89089252691781,"torvik,kenpom,evanmiya",0.0,10.857904446556462,3
Oklahoma St.,11.294229816201565,72.17593059451092,12.58,72.0,7.6,72.9,10.852836181075586,72.2909739729416,"torvik,kenpom,evanmiya",-0.157605,10.695231181075586,3
California,11.63496160359135,67.86072685986693,11.43,68.0,9.0,69.2,10.899360601346757,68.2477725724501,"torvik,kenpom,evanmiya",-0.21304,10.686320601346758,3
Dayton,9.973019201362561,67.01881102910932,10.91,66.9,11.0,68.6,10.581132200510961,67.36955413591599,"torvik,kenpom,evanmiya",-0.10449000000000001,10.47664220051096,3
Nevada,10.734007885045244,66.04598710106382,11.3,66.1,8.4,67.6,10.362752956891967,66.45474516289892,"torvik,kenpom,evanmiya",0.0,10.362752956891967,3
Yale,8.432274456799348,64.65748973131679,10.65,64.4,12.2,66.3,10.205852921299755,64.9715586492438,"torvik,kenpom,evanmiya",0.0,10.205852921299755,3
Creighton,9.546358582149253,67.35460951331969,11.01,67.5,10.4,68.5,10.30863446830597,67.69547856749489,"torvik,kenpom,evanmiya",-0.11641649999999999,10.19221796830597,3
George Washington,10.441558292152436,69.33210502590168,9.64,69.1,10.3,70.3,10.105584359557163,69.48703938471313,"torvik,kenpom,evanmiya",0.0,10.105584359557163,3
Marquette,10.594490997330496,69.22004960043617,9.66,68.9,10.1,70.5,10.120434123998937,69.42001860016356,"torvik,kenpom,evanmiya",-0.09072000000000001,10.029714123998938,3
Syracuse,10.487271849416928,67.37839850837258,9.74,67.4,8.6,68.8,9.735226943531348,67.74189944063973,"torvik,kenpom,evanmiya",-0.0162,9.719026943531349,3
Georgetown,10.71823007270855,66.21094062643577,10.89,66.2,6.2,67.5,9.653086277265707,66.52910273491341,"torvik,kenpom,evanmiya",-0.111861,9.541225277265708,3
USC,11.805235798588086,70.72384733585449,10.81,70.6,4.7,70.9,9.655713424470534,70.72144275094544,"torvik,kenpom,evanmiya",-0.167832,9.487881424470533,3
Butler,11.621543974239529,68.89980911641571,9.49,68.7,6.4,69.7,9.516828990339823,69.02492841865589,"torvik,kenpom,evanmiya",-0.16416000000000003,9.352668990339822,3
Wichita St.,9.282823937069509,66.23961936656498,9.78,66.1,9.8,68.3,9.598558976401065,66.70235726246187,"torvik,kenpom,evanmiya",-0.3033858,9.295173176401066,3
Hofstra,8.234940426699154,64.71380018204498,9.49,64.7,10.0,66.0,9.146852660012183,65.03017506826687,"torvik,kenpom,evanmiya",0.0,9.146852660012183,3
Utah Valley,8.707821751251572,68.63156960767856,8.82,68.7,7.9,69.8,8.54793315671934,68.94933860287946,"torvik,kenpom,evanmiya",0.0,8.54793315671934,3
High Point,8.161322210625087,69.88909815604822,8.4,69.9,9.0,70.5,8.460495828984408,70.04591180851808,"torvik,kenpom,evanmiya",0.0,8.460495828984408,3
Colorado St.,9.067630784988424,62.98243699357864,9.49,63.0,6.0,65.3,8.459111544370659,63.56841387259199,"torvik,kenpom,evanmiya",-0.0382575,8.420854044370659,3
Miami OH,9.099749555556883,69.94164853469331,8.26,69.9,8.0,71.0,8.509906083333831,70.19061820050999,"torvik,kenpom,evanmiya",-0.16404,8.345866083333831,3
SF Austin,8.500057959237154,65.70777837916023,8.43,65.7,6.7,66.8,8.023771734713932,65.97791689218509,"torvik,kenpom,evanmiya",0.0,8.023771734713932,3
Notre Dame,7.633851490230924,66.04167294273537,8.88,65.9,6.8,67.6,7.892694308836597,66.37812735352577,"torvik,kenpom,evanmiya",-0.209706,7.682988308836597,3
Xavier,7.974404211887759,70.31057570967893,7.47,70.2,6.1,71.2,7.3166515794579094,70.49146589112961,"torvik,kenpom,evanmiya",-0.048708749999999995,7.267942829457909,3
Mississippi St.,7.378745092185071,69.49751338360359,7.0,69.6,7.3,70.6,7.217029409569402,69.81156751885135,"torvik,kenpom,evanmiya",0.0,7.217029409569402,3
Kansas St.,7.059862660285759,72.67217890853216,6.98,72.6,7.5,72.8,7.139948497607159,72.67706709069957,"torvik,kenpom,evanmiya",-0.039915,7.10003349760716,3
Oregon,8.257780778423182,65.93279798246814,7.03,65.9,5.9,67.3,7.207917791908693,66.26229924342556,"torvik,kenpom,evanmiya",-0.11859120000000001,7.089326591908693,3
South Carolina,7.1467709370930095,66.30262674857836,7.54,66.3,6.0,67.2,7.007539101409879,66.52598503071688,"torvik,kenpom,evanmiya",-0.014249999999999999,6.9932891014098795,3
Pittsburgh,7.058844858912323,63.65226314299704,7.6,63.5,5.1,65.1,6.772066822092121,63.957098678623886,"torvik,kenpom,evanmiya",-0.20727,6.564796822092121,3
DePaul,6.783405739465195,66.46068117673231,6.83,66.2,6.1,67.2,6.630027152299448,66.54775544127462,"torvik,kenpom,evanmiya",-0.173791,6.456236152299448,3
Wyoming,7.687235970056534,66.0504188786474,7.4,66.0,3.2,67.1,6.4577134887712,66.29390707949278,"torvik,kenpom,evanmiya",-0.038893125,6.4188203637712,3
Illinois St.,5.780186970741369,66.81723660539669,6.66,66.7,6.2,68.0,6.215070114028014,67.06896372702376,"torvik,kenpom,evanmiya",0.0,6.215070114028014,3
George Mason,4.996364223076469,63.57429160339046,7.5,63.3,6.3,64.8,6.261136583653676,63.77785935127142,"torvik,kenpom,evanmiya",-0.10517850000000001,6.155958083653676,3
Cal Baptist,7.172742788464717,65.93115332651749,5.99,65.8,3.8,67.3,5.886028545674269,66.22418249744406,"torvik,kenpom,evanmiya",0.0,5.886028545674269,3
Illinois Chicago,5.790774034423322,66.27646066896752,6.16,66.3,5.3,67.9,5.806540262908746,66.69117275086282,"torvik,kenpom,evanmiya",0.0,5.806540262908746,3
UC Irvine,5.843724569518741,68.15689922840951,6.21,68.2,4.9,69.7,5.745146713569527,68.55883721065356,"torvik,kenpom,evanmiya",0.0,5.745146713569527,3
St. Thomas,6.001853719814463,68.38850665053279,5.88,68.2,5.0,69.4,5.705695144930424,68.5706899939498,"torvik,kenpom,evanmiya",0.0,5.705695144930424,3
St. Joseph's,7.090755642713049,67.96364442781444,4.56,68.0,4.8,68.9,5.569033366017393,68.21136666043043,"torvik,kenpom,evanmiya",-0.039105,5.529928366017393,3
UNLV,6.342009614880467,69.86941354474689,5.97,69.8,3.7,70.8,5.542003605580175,70.07603007928009,"torvik,kenpom,evanmiya",-0.15855000000000002,5.383453605580175,3
Sam Houston St.,6.687925551090316,70.03599791619965,5.56,70.0,4.4,71.0,5.692972081658869,70.26349921857486,"torvik,kenpom,evanmiya",-0.339964,5.353008081658869,3
Davidson,6.473170611460986,63.57038459229515,4.94,63.6,3.9,65.2,5.25493897929787,63.98889422211069,"torvik,kenpom,evanmiya",-0.039944999999999994,5.214993979297869,3
Pacific,6.388914312314839,64.39601280940222,5.42,64.3,2.7,65.9,5.103342867118064,64.73600480352583,"torvik,kenpom,evanmiya",0.0,5.103342867118064,3
North Dakota St.,5.410186026634065,66.3569332396378,5.13,66.3,4.1,67.5,4.977569759987775,66.62134996486418,"torvik,kenpom,evanmiya",0.0,4.977569759987775,3
UNC Wilmington,3.8085934100992773,64.89721580771307,5.79,65.1,5.4,66.3,4.949472528787229,65.3239559278924,"torvik,kenpom,evanmiya",0.0,4.949472528787229,3
Hawaii,5.054567918258201,69.5809991981123,5.97,69.7,3.3,70.0,4.959212969346825,69.73037469929211,"torvik,kenpom,evanmiya",-0.16416000000000003,4.795052969346825,3
Seattle,6.1474260356552435,67.72833830641481,4.49,67.6,3.2,68.5,4.789034763370716,67.87312686490556,"torvik,kenpom,evanmiya",0.0,4.789034763370716,3
Maryland,5.8273144230369525,66.29145018654857,4.25,66.1,4.9,67.8,5.003992908638857,66.59679381995572,"torvik,kenpom,evanmiya",-0.21522825,4.788764658638857,3
Rutgers,5.00930038640638,66.68564091905486,3.95,66.8,4.1,68.2,4.384737644902392,67.10711534464556,"torvik,kenpom,evanmiya",-0.0908475,4.2938901449023925,3
Liberty,4.660408118101145,63.89772235722816,3.9,63.9,4.3,65.6,4.285153044287929,64.32414588396057,"torvik,kenpom,evanmiya",-0.0798,4.205353044287929,3
UT Rio Grande Valley,4.742517751430995,66.39594870239375,4.57,66.3,2.4,68.1,4.092194156786623,66.78598076339765,"torvik,kenpom,evanmiya",0.0,4.092194156786623,3
San Francisco,3.987191023318303,65.8933254671201,4.2,65.9,3.8,67.5,4.020196633744364,66.29749705017004,"torvik,kenpom,evanmiya",-0.0149625,4.005234133744364,3
UC San Diego,3.9605597137709196,67.19546166592083,4.53,67.2,2.2,68.5,3.733959892664095,67.52329812472031,"torvik,kenpom,evanmiya",0.0,3.733959892664095,3
Southern Illinois,3.1414862092021565,68.98533188073623,4.55,68.9,3.3,69.8,3.7093073284508087,69.1569994552761,"torvik,kenpom,evanmiya",0.0,3.7093073284508087,3
Utah,5.477753644174399,66.30349605311977,3.65,66.0,1.5,68.0,3.7979076165653995,66.61381101991992,"torvik,kenpom,evanmiya",-0.09357,3.7043376165653994,3
Duquesne,4.174026720306642,68.83068617708956,3.45,68.6,3.1,69.4,3.634010020114991,68.8865073164086,"torvik,kenpom,evanmiya",0.0,3.634010020114991,3
Bradley,2.9280661762618365,67.50677954380184,3.96,67.3,4.4,68.5,3.6830248160981887,67.67754232892568,"torvik,kenpom,evanmiya",-0.243972,3.439052816098189,3
Murray St.,2.9550387859971465,71.79070484470465,4.12,71.5,3.1,72.3,3.42813954474893,71.80901431676425,"torvik,kenpom,evanmiya",0.0,3.42813954474893,3
Florida Atlantic,3.9639246022532433,69.81335892566274,3.31,69.6,3.1,70.8,3.502721725844966,69.98000959712353,"torvik,kenpom,evanmiya",-0.10017000000000001,3.4025517258449662,3
UAB,2.490012120802959,69.30625370790824,3.46,69.1,4.1,70.3,3.2562545453011094,69.47734514046559,"torvik,kenpom,evanmiya",-0.08685,3.1694045453011093,3
UC Santa Barbara,3.7126597258759375,64.32732931879211,3.17,64.4,2.0,66.0,3.0809973972034763,64.77274849454705,"torvik,kenpom,evanmiya",-0.09072000000000001,2.990277397203476,3
Toledo,3.347098608195381,67.85340253083282,3.15,67.8,2.1,69.6,2.9614119780732677,68.2700259490623,"torvik,kenpom,evanmiya",0.0,2.9614119780732677,3
Montana St.,3.5768541789402803,65.89845928031643,3.0,65.8,1.7,66.9,2.891320317102605,66.11192223011867,"torvik,kenpom,evanmiya",0.0,2.891320317102605,3
Memphis,3.082431222024155,69.9610435141886,2.52,70.2,3.0,70.9,2.8509117082590585,70.28539131782074,"torvik,kenpom,evanmiya",-0.028312499999999997,2.8225992082590583,3
Troy,1.6782365750387385,65.084085396929,1.72,64.9,4.5,66.9,2.399338715639527,65.46903202384837,"torvik,kenpom,evanmiya",0.0,2.399338715639527,3
Washington St.,3.899033173103163,67.88471860110856,2.32,67.8,0.5,69.1,2.4571374399136863,68.1567694754157,"torvik,kenpom,evanmiya",-0.076,2.381137439913686,3
Wright St.,3.38219163181013,66.97687066573965,2.04,67.2,1.3,68.4,2.358321861928799,67.41632649965237,"torvik,kenpom,evanmiya",0.0,2.358321861928799,3
North Texas,1.901555571589455,64.9820360576958,2.46,65.0,2.4,66.3,2.2355833393460456,65.31826352163593,"torvik,kenpom,evanmiya",-0.0864,2.1491833393460458,3
Northern Colorado,2.446097382173818,68.46181418056429,1.87,68.7,1.5,69.6,1.9935365183151816,68.83568031771162,"torvik,kenpom,evanmiya",0.0,1.9935365183151816,3
Fresno St.,3.159281028853755,68.28153059333194,3.09,68.2,-0.7,69.6,2.1684803858201582,68.58057397249948,"torvik,kenpom,evanmiya",-0.251184,1.9172963858201582,3
Penn St.,2.0632917776565733,67.51655410725319,2.18,67.4,1.4,68.5,1.941234416621215,67.71870779021995,"torvik,kenpom,evanmiya",-0.0798,1.861434416621215,3
Navy,1.0416662371797258,65.16724285166883,1.84,65.1,2.8,66.8,1.780624838942397,65.55021606937581,"torvik,kenpom,evanmiya",0.0,1.780624838942397,3
St. Bonaventure,0.7698513354365275,67.14298242333807,2.17,67.3,2.5,68.3,1.7274442507886978,67.49111840875177,"torvik,kenpom,evanmiya",-0.039944999999999994,1.687499250788698,3
Idaho,2.6395480133960376,67.4241819620705,1.53,67.7,0.0,68.5,1.563580505023514,67.79656823577645,"torvik,kenpom,evanmiya",0.0,1.563580505023514,3
Rhode Island,0.8863635389190421,65.8380330298834,2.47,65.7,1.4,67.8,1.6086363270946409,66.27676238620629,"torvik,kenpom,evanmiya",-0.09357,1.515066327094641,3
Boston College,2.240267829887756,65.9591710838214,1.07,65.9,1.3,67.4,1.5663504362079086,66.29718915643303,"torvik,kenpom,evanmiya",-0.1247835,1.4415669362079087,3
Arkansas St.,1.2756377439071684,72.14729063013883,1.39,71.9,1.7,73.0,1.4246141539651882,72.26773398630206,"torvik,kenpom,evanmiya",-0.0149625,1.4096516539651882,3
Robert Morris,0.9968511504530966,64.54290695667572,1.69,64.4,0.5,66.1,1.1325691814199113,64.8785901087534,"torvik,kenpom,evanmiya",0.0,1.1325691814199113,3
Temple,1.5795789784059195,64.89776087730829,0.5,64.9,1.5,66.4,1.1548421169022198,65.2741603289906,"torvik,kenpom,evanmiya",-0.09072000000000001,1.06412211690222,3
Kent St.,0.6013543422919412,70.56655025852787,1.5,70.2,1.1,71.1,1.0630078783594779,70.56245634694795,"torvik,kenpom,evanmiya",0.0,1.0630078783594779,3
Harvard,0.23520700977184106,63.122107143235496,1.26,63.0,2.0,64.9,1.0607026286644405,63.52079017871331,"torvik,kenpom,evanmiya",0.0,1.0607026286644405,3
Penn,1.161809357750542,69.02427516446134,1.47,69.0,0.4,70.2,1.0869285091564533,69.309103186673,"torvik,kenpom,evanmiya",-0.029969999999999997,1.0569585091564533,3
Bowling Green,0.8378409949507812,68.23379579678782,1.51,68.3,0.3,69.8,0.955440373106543,68.65017342379542,"torvik,kenpom,evanmiya",0.0,0.955440373106543,3
Portland St.,0.48967886343807265,67.78478952324153,1.52,68.0,0.7,69.1,0.9286295737892774,68.19429607121558,"torvik,kenpom,evanmiya",0.0,0.9286295737892774,3
Central Arkansas,1.5115353602633377,67.90988492780181,1.25,67.9,-0.7,69.5,0.8605757600987516,68.30370684792568,"torvik,kenpom,evanmiya",-0.098047125,0.7625286350987516,3
Winthrop,-0.6422758519802443,69.91765836484063,1.13,70.0,2.3,71.6,0.7578965555074083,70.36912188681524,"torvik,kenpom,evanmiya",0.0,0.7578965555074083,3
Kennesaw St.,1.2991971431029725,71.26667869663312,0.57,71.2,1.1,71.9,0.9759489286636147,71.40000451123743,"torvik,kenpom,evanmiya",-0.229716,0.7462329286636147,3
William & Mary,0.4073797777582797,72.64016027127431,1.49,72.5,-0.1,73.4,0.6865174166593548,72.77756010172786,"torvik,kenpom,evanmiya",0.0,0.6865174166593548,3
Cornell,0.710256731104522,71.40800492866728,0.51,71.2,0.7,72.0,0.6325962741641957,71.47800184825023,"torvik,kenpom,evanmiya",0.0,0.6325962741641957,3
Towson,-0.7737056874134538,63.39890861475898,0.99,63.4,1.9,65.2,0.5561103672199548,63.849590730534615,"torvik,kenpom,evanmiya",0.0,0.5561103672199548,3
Georgia Tech,0.3702763055012781,70.9038852999047,0.58,70.6,0.9,71.1,0.5813536145629793,70.83895698746426,"torvik,kenpom,evanmiya",-0.027292499999999997,0.5540611145629792,3
Richmond,-0.10511601400585846,67.57433739379233,0.81,67.6,1.2,68.2,0.5643314947478031,67.74037652267212,"torvik,kenpom,evanmiya",-0.0881125,0.4762189947478031,3
Loyola Marymount,1.0093019629761102,67.19487698242905,0.68,66.9,-0.4,68.2,0.5334882361160413,67.33557886841089,"torvik,kenpom,evanmiya",-0.05848199999999999,0.47500623611604137,3
Valparaiso,0.3554440347557062,65.11105937702521,0.97,65.1,-1.7,66.8,0.07204151303338985,65.52914726638446,"torvik,kenpom,evanmiya",-0.039944999999999994,0.032096513033389854,3
Eastern Washington,1.0328531819282034,67.80426529509874,-0.0,67.6,-1.6,68.5,-0.012680056776923743,67.90159948566203,"torvik,kenpom,evanmiya",0.0,-0.012680056776923743,3
Austin Peay,0.4650999829150493,69.2243025897871,-0.28,69.4,-0.8,70.0,-0.13058750640685654,69.48411347117016,"torvik,kenpom,evanmiya",0.0,-0.13058750640685654,3
Fordham,-0.9982196398047165,64.20145760623879,0.47,64.4,0.2,66.0,-0.14808236492676868,64.72554660233955,"torvik,kenpom,evanmiya",-0.026227124999999997,-0.17430948992676867,3
Western Kentucky,-0.18311599631408626,69.90277116278831,0.02,69.9,-0.0,71.3,-0.06116849861778235,70.25103918604562,"torvik,kenpom,evanmiya",-0.16097499999999998,-0.22214349861778232,3
East Tennessee St.,-2.181315613634652,66.01537055473479,0.44,66.0,1.7,67.2,-0.2279933551129945,66.30576395802555,"torvik,kenpom,evanmiya",0.0,-0.2279933551129945,3
Middle Tennessee,0.5767225412653829,65.54979140132176,-0.67,65.8,-0.9,67.2,-0.25997904702548147,66.05617177549566,"torvik,kenpom,evanmiya",0.0,-0.25997904702548147,3
UC Davis,0.2855270690270544,68.86901609445722,0.89,68.9,-3.0,70.0,-0.3091773491148546,69.16338103542147,"torvik,kenpom,evanmiya",0.0,-0.3091773491148546,3
Oregon St.,0.3448789802446157,65.22959884707508,-0.66,65.1,-0.8,66.4,-0.3181703824082691,65.47359956765317,"torvik,kenpom,evanmiya",-0.09072000000000001,-0.40889038240826914,3
Merrimack,-0.20502019730072618,63.49702466535585,-0.83,63.4,-0.5,64.8,-0.5131325739877723,63.786384249508444,"torvik,kenpom,evanmiya",0.0,-0.5131325739877723,3
UT Arlington,-1.253451016906098,64.81302008672814,1.13,64.8,-2.1,66.3,-0.5712941313397868,65.17988253252305,"torvik,kenpom,evanmiya",0.0,-0.5712941313397868,3
Monmouth,-0.40264025208276166,66.89224008044566,-0.89,67.1,-0.5,68.4,-0.6097400945310356,67.34709003016712,"torvik,kenpom,evanmiya",0.0,-0.6097400945310356,3
Oakland,-1.1841244815429945,69.99070739247252,0.21,69.8,-1.7,70.2,-0.7902966805786229,69.97151527217719,"torvik,kenpom,evanmiya",0.0,-0.7902966805786229,3
Charleston,-1.9767629233983968,67.72787381579302,-0.19,67.6,0.4,69.3,-0.7125360962743988,68.07295268092238,"torvik,kenpom,evanmiya",-0.10162125000000001,-0.8141573462743988,3
CSUN,0.032752968639684354,73.45582529296236,-0.37,73.5,-3.1,74.1,-0.9014676367601184,73.63343448486089,"torvik,kenpom,evanmiya",0.0,-0.9014676367601184,3
Texas A&M Corpus Chris,-1.2215302145375233,65.92666305564107,-0.29,66.0,-1.8,67.5,-1.0168238304515713,66.3474986458654,"torvik,kenpom,evanmiya",0.0,-1.0168238304515713,3
Charlotte,-0.6086246833123425,63.38020999004851,-1.48,63.4,-0.8,65.0,-0.9832342562421283,63.79257874626819,"torvik,kenpom,evanmiya",-0.048209999999999996,-1.0314442562421284,3
Northern Kentucky,-1.2000011712747636,70.00322321315255,-0.59,70.2,-1.9,70.3,-1.1462504392280364,70.15120870493222,"torvik,kenpom,evanmiya",0.0,-1.1462504392280364,3
UMBC,-1.675237324480804,66.00705847646276,-1.67,66.2,0.1,67.8,-1.2294639966803016,66.52764692867353,"torvik,kenpom,evanmiya",0.0,-1.2294639966803016,3
Furman,-2.1066099773351254,65.84093311010186,-1.98,65.9,0.9,67.2,-1.307478741500672,66.2028499162882,"torvik,kenpom,evanmiya",0.0,-1.307478741500672,3
Montana,0.18348521840474064,69.49940754364656,-1.72,69.6,-3.6,70.3,-1.4761930430982222,69.73727782886746,"torvik,kenpom,evanmiya",0.0,-1.4761930430982222,3
Cal St. Fullerton,-2.091385909140058,72.87521260201137,0.38,72.8,-3.6,73.7,-1.5417697159275217,73.05320472575426,"torvik,kenpom,evanmiya",0.0,-1.5417697159275217,3
Siena,-1.697468957888276,64.63036549362391,-2.1,64.6,0.0,66.1,-1.4240508592081036,64.98638706010897,"torvik,kenpom,evanmiya",-0.11872275,-1.5427736092081037,3
New Mexico St.,-2.1423189015222874,66.6037747851725,-1.61,66.9,-1.1,67.4,-1.682119588070858,66.9139155444397,"torvik,kenpom,evanmiya",0.0,-1.682119588070858,3
Appalachian St.,-1.6203320911859578,62.981321781725015,-2.33,63.0,-0.5,64.6,-1.6063745341947342,63.39299566814688,"torvik,kenpom,evanmiya",-0.09072000000000001,-1.697094534194734,3
Massachusetts,-0.7218162317942642,70.16618178451266,-2.6,69.9,-2.3,71.0,-1.8206810869228491,70.27481816919224,"torvik,kenpom,evanmiya",0.0,-1.8206810869228491,3
FIU,-0.8765897766948854,71.61180820798364,-2.23,71.5,-1.9,72.4,-1.6399711662605818,71.76692807799387,"torvik,kenpom,evanmiya",-0.24828,-1.8882511662605819,3
Queens,-2.450063232093669,69.5022342323596,-1.44,69.6,-2.0,70.2,-1.9587737120351258,69.71333783713484,"torvik,kenpom,evanmiya",0.0,-1.9587737120351258,3
Campbell,-1.8760014509247895,69.84287591797177,-1.47,69.7,-2.7,70.5,-1.9297505440967961,69.95357846923942,"torvik,kenpom,evanmiya",-0.076,-2.005750544096796,3
Mercer,-3.260083294379797,68.9434187585393,-1.97,68.9,-0.3,70.3,-2.036281235392424,69.26628203445225,"torvik,kenpom,evanmiya",0.0,-2.036281235392424,3
Tennessee St.,-4.127374763895375,70.13661898234609,-1.83,70.2,0.3,71.0,-2.1590155364607657,70.37623211837979,"torvik,kenpom,evanmiya",0.0,-2.1590155364607657,3
Louisiana Tech,-1.9693830513546402,63.937165629088824,-2.9,64.3,-1.1,65.5,-2.10101864425799,64.4639371109083,"torvik,kenpom,evanmiya",-0.076,-2.17701864425799,3
South Alabama,-2.1627489991877127,64.62320185447794,-3.14,64.6,-1.7,65.9,-2.4135308746953923,64.93370069542922,"torvik,kenpom,evanmiya",-0.0798,-2.4933308746953924,3
Howard,-2.7867358178949075,69.04793120520861,-3.19,69.0,-1.1,71.1,-2.5162759317105903,69.54297420195323,"torvik,kenpom,evanmiya",0.0,-2.5162759317105903,3
Columbia,-2.9391614867876683,66.8196616066378,-1.96,66.7,-2.9,68.7,-2.5621855575453756,67.24487310248918,"torvik,kenpom,evanmiya",0.0,-2.5621855575453756,3
Utah Tech,-1.465885612643504,66.44231208232402,-1.88,66.3,-6.0,67.9,-2.754707104741314,66.75336703087152,"torvik,kenpom,evanmiya",0.0,-2.754707104741314,3
Marist,-2.8456368795862943,66.2205389404698,-3.07,66.3,-1.8,67.5,-2.6683638298448606,66.57020210267618,"torvik,kenpom,evanmiya",-0.09749250000000001,-2.7658563298448606,3
Missouri St.,-2.345887286559247,65.26755469377501,-3.15,65.5,-2.8,66.4,-2.760957732459717,65.63783301016562,"torvik,kenpom,evanmiya",-0.029969999999999997,-2.7909277324597173,3
Tulane,-2.5683927607275194,66.8556053542295,-3.63,66.9,-2.5,68.4,-2.94939728527282,67.25835200783607,"torvik,kenpom,evanmiya",0.0,-2.94939728527282,3
New Orleans,-2.4680897036672036,69.75693216145183,-2.2,69.7,-4.8,71.1,-2.9505336388752017,70.07134956054443,"torvik,kenpom,evanmiya",0.0,-2.9505336388752017,3
Marshall,-3.777258948756838,69.40262045688861,-3.19,69.3,-1.4,70.6,-2.9627221057838145,69.66348267133323,"torvik,kenpom,evanmiya",0.0,-2.9627221057838145,3
Jacksonville St.,-2.6477843607769387,65.0959773425532,-3.38,65.3,-3.2,66.6,-3.060419135291352,65.54849150345746,"torvik,kenpom,evanmiya",-0.029969999999999997,-3.090389135291352,3
Indiana St.,-2.8340773172926106,68.21302083779162,-2.87,68.0,-3.7,69.7,-3.0640289939847287,68.50488281417185,"torvik,kenpom,evanmiya",-0.029969999999999997,-3.0939989939847288,3
James Madison,-3.311985202259706,65.96642931309545,-3.91,66.0,-1.9,67.4,-3.18324445084739,66.3374109924108,"torvik,kenpom,evanmiya",0.0,-3.18324445084739,3
Youngstown St.,-1.996876269003522,67.25485647573235,-3.92,67.2,-4.1,68.6,-3.2438286008763204,67.57057117839963,"torvik,kenpom,evanmiya",0.0,-3.2438286008763204,3
Weber St.,-2.7511927596953,68.53554545181711,-2.64,68.5,-4.9,69.5,-3.246697284885738,68.76332954443141,"torvik,kenpom,evanmiya",0.0,-3.246697284885738,3
Drake,-3.809858298829468,67.07824973592349,-2.64,67.2,-3.0,68.0,-3.1686968620610507,67.35434365097132,"torvik,kenpom,evanmiya",-0.09357,-3.262266862061051,3
Green Bay,-1.2681330477968658,62.95650683523581,-3.5,62.9,-6.1,65.0,-3.3130498929238246,63.44619006321342,"torvik,kenpom,evanmiya",-0.029969999999999997,-3.3430198929238246,3
Detroit Mercy,-1.8561593064825672,68.81152757234331,-4.15,68.8,-5.5,69.7,-3.627309739930963,69.02932283962873,"torvik,kenpom,evanmiya",0.0,-3.627309739930963,3
Drexel,-2.463516219245321,64.19472875982304,-4.71,64.2,-3.9,65.6,-3.6650685822169953,64.54802328493363,"torvik,kenpom,evanmiya",0.0,-3.6650685822169953,3
Quinnipiac,-4.2085450224711565,70.09619266164903,-4.25,69.9,-2.8,70.8,-3.871954383426684,70.1985722481184,"torvik,kenpom,evanmiya",0.0,-3.871954383426684,3
Samford,-6.121537733810484,67.33788961721534,-3.93,67.2,-0.5,68.7,-3.8943266501789315,67.62670860645575,"torvik,kenpom,evanmiya",0.0,-3.8943266501789315,3
South Dakota St.,-4.408203115407403,67.01589136825002,-4.31,66.8,-2.9,68.3,-3.994326168277776,67.25595926309376,"torvik,kenpom,evanmiya",0.0,-3.994326168277776,3
Buffalo,-4.486626033205965,66.45214247105622,-2.8,66.5,-4.9,68.0,-3.957484762452237,66.85705342664608,"torvik,kenpom,evanmiya",-0.08977,-4.047254762452237,3
Lipscomb,-6.029045798606035,69.45219670545022,-2.84,69.3,-3.1,70.3,-4.100892174477263,69.60707376454383,"torvik,kenpom,evanmiya",0.0,-4.100892174477263,3
Southern Miss,-4.267405237318954,69.0918323993706,-4.17,69.3,-4.0,70.1,-4.1640269639946075,69.42193714976398,"torvik,kenpom,evanmiya",0.0,-4.1640269639946075,3
Cal Poly,-3.9013951720766897,74.09988984556122,-3.64,74.0,-5.4,74.9,-4.1780231895287585,74.26245869208546,"torvik,kenpom,evanmiya",0.0,-4.1780231895287585,3
Western Carolina,-4.657243310201963,67.89625218178946,-5.59,67.8,-2.1,69.4,-4.367716241325736,68.23609456817104,"torvik,kenpom,evanmiya",0.0,-4.367716241325736,3
LIU,-6.109344846450014,67.82892643432108,-3.95,67.8,-3.5,69.2,-4.6472543174187555,68.1608474128704,"torvik,kenpom,evanmiya",0.0,-4.6472543174187555,3
Rice,-3.5834405875068995,65.62278180364505,-5.23,65.5,-5.5,67.5,-4.680040220315087,66.0460431763669,"torvik,kenpom,evanmiya",-0.10017000000000001,-4.780210220315087,3
Portland,-1.8376321865018213,68.50089605965204,-2.89,68.4,-11.1,69.6,-4.547862069938183,68.73783602236952,"torvik,kenpom,evanmiya",-0.2376618,-4.785523869938182,3
Tarleton St.,-4.468729796861794,69.50992932296832,-4.38,69.2,-6.3,70.2,-4.893273673823173,69.56622349611312,"torvik,kenpom,evanmiya",0.0,-4.893273673823173,3
Ohio,-4.880349615341814,68.87019349907077,-5.57,68.8,-3.9,69.8,-4.89388110575318,69.07632256215153,"torvik,kenpom,evanmiya",-0.0864,-4.98028110575318,3
San Diego,-3.739441001039097,68.13603899438458,-4.99,68.0,-7.1,69.2,-5.048540375389662,68.35101462289421,"torvik,kenpom,evanmiya",-0.014249999999999999,-5.062790375389661,3
San Jose St.,-3.8942406825918994,65.01394766302326,-5.01,65.1,-7.1,66.3,-5.114090255971963,65.36773037363372,"torvik,kenpom,evanmiya",-0.062115,-5.176205255971963,3
Stony Brook,-4.9532862068993495,66.17068779632052,-5.52,66.2,-6.2,67.1,-5.477482327587256,66.4140079236202,"torvik,kenpom,evanmiya",0.0,-5.477482327587256,3
Bethune-Cookman,-4.457807121500522,68.99062492392356,-6.6,69.0,-5.7,70.0,-5.571677670562695,69.24648434647133,"torvik,kenpom,evanmiya",-0.076,-5.647677670562695,3
Georgia Southern,-5.907991669218703,70.09987097999921,-6.05,70.0,-4.7,71.2,-5.659246875957013,70.33745161749971,"torvik,kenpom,evanmiya",0.0,-5.659246875957013,3
Texas St.,-5.182141756198973,66.14558938957094,-6.65,66.0,-5.0,67.7,-5.687053158574615,66.47959602108911,"torvik,kenpom,evanmiya",0.0,-5.687053158574615,3
Southeast Missouri,-7.111281156040263,68.93328629776667,-5.84,68.9,-3.8,69.6,-5.806730433515098,69.0874823616625,"torvik,kenpom,evanmiya",0.0,-5.806730433515098,3
Tennessee Martin,-7.5639722175514805,64.29608441534904,-4.81,64.1,-4.8,66.3,-5.840239581581805,64.72353165575589,"torvik,kenpom,evanmiya",0.0,-5.840239581581805,3
La Salle,-3.679182906034285,65.76002189539673,-5.88,65.8,-8.1,67.7,-5.609693589762857,66.26000821077378,"torvik,kenpom,evanmiya",-0.26515099999999997,-5.874844589762858,3
Old Dominion,-6.263863016011669,68.8931367698977,-7.0,68.9,-4.8,69.9,-6.173948631004376,69.14742628871164,"torvik,kenpom,evanmiya",0.0,-6.173948631004376,3
Vermont,-7.637643626418722,64.70463776279418,-6.45,64.8,-4.0,65.6,-6.282866359907021,64.96423916104781,"torvik,kenpom,evanmiya",0.0,-6.282866359907021,3
Coastal Carolina,-5.663704885948846,67.08284642967834,-6.86,66.8,-6.4,68.2,-6.296389332230817,67.25606741112938,"torvik,kenpom,evanmiya",0.0,-6.296389332230817,3
Florida Gulf Coast,-6.389502442205881,67.60918000380482,-6.61,67.5,-5.8,68.6,-6.324813415827205,67.8159425014268,"torvik,kenpom,evanmiya",0.0,-6.324813415827205,3
St. Peter's,-6.537347265525369,65.46384649990287,-7.51,65.5,-4.5,66.2,-6.392755224572014,65.66144243746358,"torvik,kenpom,evanmiya",0.0,-6.392755224572014,3
UNC Asheville,-7.566571760256281,64.80707495333043,-6.75,64.8,-4.3,66.1,-6.4437144100961055,65.1276531074989,"torvik,kenpom,evanmiya",0.0,-6.4437144100961055,3
American,-6.953541809310167,66.73859335035878,-6.31,66.7,-6.1,67.6,-6.498828178491312,66.93947250638455,"torvik,kenpom,evanmiya",0.0,-6.498828178491312,3
Colgate,-7.314919399140621,66.84791457155256,-7.02,66.8,-4.7,68.2,-6.550594774677733,67.1679679643322,"torvik,kenpom,evanmiya",0.0,-6.550594774677733,3
Lamar,-7.241265476154339,65.3739541414299,-6.3,65.6,-5.9,67.1,-6.552974553557878,65.89023280303621,"torvik,kenpom,evanmiya",0.0,-6.552974553557878,3
Denver,-6.433450949842239,68.0467877500974,-6.0,67.9,-7.6,69.0,-6.56254410619084,68.23004540628652,"torvik,kenpom,evanmiya",0.0,-6.56254410619084,3
Charleston Southern,-7.381042998817762,71.57418370938943,-6.48,71.5,-5.5,72.6,-6.57289112455666,71.80281889102103,"torvik,kenpom,evanmiya",0.0,-6.57289112455666,3
Radford,-6.827769467850402,70.6754045328713,-7.67,70.6,-4.8,71.4,-6.636663550443901,70.82827669982674,"torvik,kenpom,evanmiya",0.0,-6.636663550443901,3
Long Beach St.,-6.513981340002388,68.42099540458452,-5.77,68.5,-8.2,69.5,-6.656493002500896,68.72037327671919,"torvik,kenpom,evanmiya",0.0,-6.656493002500896,3
Nicholls,-7.17372752579476,68.25124937390366,-6.24,68.2,-6.7,69.2,-6.705147822173035,68.46921851521388,"torvik,kenpom,evanmiya",0.0,-6.705147822173035,3
Eastern Michigan,-6.089088114074926,66.47679445866831,-6.39,66.5,-8.3,67.7,-6.754658042778098,66.79129792200061,"torvik,kenpom,evanmiya",-0.09072000000000001,-6.845378042778098,3
SIU Edwardsville,-7.455304975619768,64.41665589840669,-7.59,64.3,-5.0,66.1,-6.8919893658574125,64.7937459619025,"torvik,kenpom,evanmiya",0.0,-6.8919893658574125,3
Iona,-6.893959339556403,69.13219354031652,-7.72,68.7,-5.7,70.0,-6.905234752333651,69.1870725776187,"torvik,kenpom,evanmiya",-0.09072000000000001,-6.995954752333651,3
Princeton,-7.341885997268719,63.85956413723555,-7.15,63.5,-6.1,65.7,-6.95945724897577,64.18483655146333,"torvik,kenpom,evanmiya",-0.09072000000000001,-7.05017724897577,3
Nebraska Omaha,-6.545304780333979,67.10994650156557,-8.01,67.0,-6.6,68.2,-7.1082392926252425,67.3412299380871,"torvik,kenpom,evanmiya",0.0,-7.1082392926252425,3
Boston University,-7.477990698469952,63.119704105327315,-8.0,63.1,-5.8,64.7,-7.254246511926232,63.50738903949774,"torvik,kenpom,evanmiya",0.0,-7.254246511926232,3
Elon,-8.378601958268789,66.83029408916413,-5.73,66.8,-8.1,68.1,-7.315725734350796,67.13636028343655,"torvik,kenpom,evanmiya",0.0,-7.315725734350796,3
Wofford,-8.880888904763566,67.83675938659174,-7.35,67.8,-5.1,69.0,-7.361583339286337,68.1137847699719,"torvik,kenpom,evanmiya",0.0,-7.361583339286337,3
Abilene Christian,-7.213691034056481,67.44170484962964,-6.56,67.8,-9.0,69.2,-7.41513413777118,68.01563931861111,"torvik,kenpom,evanmiya",0.0,-7.41513413777118,3
East Carolina,-7.672015017768075,68.65516118778997,-7.43,68.6,-6.1,69.4,-7.1882556316630275,68.82068544542125,"torvik,kenpom,evanmiya",-0.288892,-7.477147631663027,3
Fairfield,-7.716314432202495,67.05346047251068,-8.1,66.9,-6.2,68.4,-7.481117912075935,67.33254767719151,"torvik,kenpom,evanmiya",0.0,-7.481117912075935,3
Purdue Fort Wayne,-8.39465067477083,67.70708899996428,-7.83,67.6,-7.0,68.9,-7.834244003039061,67.9651583749866,"torvik,kenpom,evanmiya",0.0,-7.834244003039061,3
UC Riverside,-7.108549084929763,68.46783089953797,-7.69,68.4,-9.2,70.2,-7.849455906848661,68.87543658732675,"torvik,kenpom,evanmiya",0.0,-7.849455906848661,3
Longwood,-8.678080685162314,68.52733466056151,-9.12,68.4,-5.3,69.8,-7.999280256935868,68.79775049771057,"torvik,kenpom,evanmiya",0.0,-7.999280256935868,3
Central Michigan,-7.065139989709806,67.05573434043069,-9.04,67.1,-7.9,68.2,-8.014427496141177,67.35840037766151,"torvik,kenpom,evanmiya",0.0,-8.014427496141177,3
Southern Utah,-8.135010648263489,70.36991562308543,-7.14,70.2,-9.5,71.2,-8.103128993098808,70.51371835865704,"torvik,kenpom,evanmiya",0.0,-8.103128993098808,3
Lindenwood,-8.534563868743561,72.39827712226457,-8.51,72.4,-7.0,73.1,-8.141711450778836,72.5743539208492,"torvik,kenpom,evanmiya",0.0,-8.141711450778836,3
Idaho St.,-8.155148517523699,65.23152881534308,-7.08,65.5,-9.9,66.1,-8.188180694071388,65.54932330575366,"torvik,kenpom,evanmiya",0.0,-8.188180694071388,3
Southern,-7.352326416418563,69.79746824679779,-9.75,69.9,-7.9,70.4,-8.388372406156961,69.98655059254918,"torvik,kenpom,evanmiya",0.0,-8.388372406156961,3
Pepperdine,-7.618902577486807,68.38654352546601,-8.15,68.6,-10.5,69.3,-8.538338466557553,68.69495382204975,"torvik,kenpom,evanmiya",0.0,-8.538338466557553,3
Incarnate Word,-9.506827899361895,65.45751105454242,-8.49,65.5,-7.2,66.6,-8.548810462260711,65.7590666454534,"torvik,kenpom,evanmiya",0.0,-8.548810462260711,3
Sacramento St.,-8.550882867615769,71.65531158262381,-8.3,71.6,-9.6,72.4,-8.719081075355914,71.82074184348392,"torvik,kenpom,evanmiya",0.0,-8.719081075355914,3
Milwaukee,-9.168697326568534,67.63067060863611,-8.85,67.3,-8.1,68.7,-8.7820114974632,67.77400147823853,"torvik,kenpom,evanmiya",0.0,-8.7820114974632,3
Dartmouth,-8.857401416745944,69.53902359276775,-9.36,69.5,-8.0,70.8,-8.831525531279729,69.8396338472879,"torvik,kenpom,evanmiya",0.0,-8.831525531279729,3
Presbyterian,-10.081546822794948,64.19673579948515,-9.07,64.1,-6.9,65.7,-8.906830058548106,64.53627592480693,"torvik,kenpom,evanmiya",0.0,-8.906830058548106,3
Mount St. Mary's,-9.101007173652263,67.7992064819417,-9.61,67.5,-6.7,68.9,-8.6916276901196,67.96220243072813,"torvik,kenpom,evanmiya",-0.229716,-8.921343690119599,3
UTEP,-8.55374357106541,65.23568032424491,-9.58,65.5,-8.7,67.0,-8.97515383914953,65.77588012159184,"torvik,kenpom,evanmiya",0.0,-8.97515383914953,3
North Dakota,-8.663612674480902,67.31803619286475,-9.51,67.2,-9.9,69.2,-9.290104752930338,67.74426357232429,"torvik,kenpom,evanmiya",0.0,-9.290104752930338,3
Loyola Chicago,-9.085137930213634,65.76437287981229,-10.17,65.5,-8.6,66.7,-9.370676723830112,65.89913982992961,"torvik,kenpom,evanmiya",0.0,-9.370676723830112,3
Ball St.,-9.238027712798782,63.65277238389224,-11.31,63.7,-7.7,65.4,-9.630510392299543,64.1072896439596,"torvik,kenpom,evanmiya",0.0,-9.630510392299543,3
Western Michigan,-10.353414456253034,67.80235422139685,-9.23,67.7,-9.3,68.9,-9.668780421094887,68.03838283302383,"torvik,kenpom,evanmiya",0.0,-9.668780421094887,3
Hampton,-11.982420192199044,65.3991102183334,-9.19,65.3,-7.1,67.0,-9.71465757207464,65.76216633187502,"torvik,kenpom,evanmiya",0.0,-9.71465757207464,3
South Dakota,-9.495173090127906,69.96068877293588,-10.27,69.8,-9.4,71.1,-9.761939908797965,70.18525828985095,"torvik,kenpom,evanmiya",0.0,-9.761939908797965,3
Lehigh,-10.193376704437725,66.86898816344844,-10.37,66.9,-8.6,68.1,-9.861266264164147,67.18837056129317,"torvik,kenpom,evanmiya",0.0,-9.861266264164147,3
Brown,-10.182300826955029,66.68865806557034,-10.85,66.5,-8.7,68.0,-10.062112810108136,66.94574677458888,"torvik,kenpom,evanmiya",0.0,-10.062112810108136,3
Mercyhurst,-10.153203507699999,64.58847504713376,-10.67,64.8,-9.2,65.8,-10.1087013153875,64.97067814267515,"torvik,kenpom,evanmiya",0.0,-10.1087013153875,3
Morehead St.,-11.288461887167685,65.3321825379356,-10.35,65.3,-8.5,67.0,-10.239423207687882,65.73706845172585,"torvik,kenpom,evanmiya",0.0,-10.239423207687882,3
Prairie View A&M,-9.977647123520939,70.86896997262694,-10.69,70.9,-10.2,72.1,-10.300367671320352,71.18836373973511,"torvik,kenpom,evanmiya",0.0,-10.300367671320352,3
Jacksonville,-10.43452350450309,63.52342947470082,-11.47,63.3,-9.6,65.1,-10.614196314188659,63.8337860530128,"torvik,kenpom,evanmiya",0.0,-10.614196314188659,3
Sacred Heart,-11.752713020027983,68.3996580607424,-11.56,68.4,-7.7,69.6,-10.667267382510495,68.69987177277841,"torvik,kenpom,evanmiya",0.0,-10.667267382510495,3
Southeastern Louisiana,-10.803578243597457,65.42551431776373,-10.58,65.5,-10.6,67.1,-10.668841841349048,65.8720678691614,"torvik,kenpom,evanmiya",0.0,-10.668841841349048,3
Bellarmine,-12.829967681096704,64.5961091300701,-9.66,64.6,-9.1,66.4,-10.708737880411265,65.0485409237763,"torvik,kenpom,evanmiya",0.0,-10.708737880411265,3
Northeastern,-11.5603340383593,69.74159405351472,-10.6,69.6,-10.0,70.6,-10.810125264384737,69.90309777006802,"torvik,kenpom,evanmiya",0.0,-10.810125264384737,3
Grambling St.,-10.964036480439944,67.51287933468485,-11.78,67.6,-9.9,68.5,-11.004013680164979,67.79232975050682,"torvik,kenpom,evanmiya",0.0,-11.004013680164979,3
Northwestern St.,-12.052204761574359,64.78429461192565,-10.21,64.7,-10.7,66.1,-11.023326785590385,65.08161047947212,"torvik,kenpom,evanmiya",0.0,-11.023326785590385,3
UNC Greensboro,-11.225606195017434,67.66782320611657,-12.22,67.6,-9.0,68.7,-11.042102323131537,67.90043370229371,"torvik,kenpom,evanmiya",0.0,-11.042102323131537,3
East Texas A&M,-10.884830818297644,68.38851993233428,-10.83,68.2,-12.8,69.0,-11.343061556861617,68.47069497462536,"torvik,kenpom,evanmiya",0.0,-11.343061556861617,3
West Georgia,-11.103686156709031,69.0646382897828,-12.55,69.2,-10.0,70.2,-11.370132308765887,69.39923935866855,"torvik,kenpom,evanmiya",0.0,-11.370132308765887,3
Eastern Kentucky,-12.325612390726022,67.24662202414919,-11.66,67.3,-9.6,68.5,-11.394604646522259,67.57998325905595,"torvik,kenpom,evanmiya",0.0,-11.394604646522259,3
Houston Christian,-12.298763200395427,64.10658515280866,-11.14,64.4,-10.7,65.9,-11.464536200148284,64.66496943230325,"torvik,kenpom,evanmiya",0.0,-11.464536200148284,3
Chattanooga,-13.075849908164258,67.04981801845636,-12.27,67.2,-7.2,68.1,-11.304693715561598,67.36868175692115,"torvik,kenpom,evanmiya",-0.16416000000000003,-11.468853715561599,3
Delaware,-9.422581667469643,63.140482785831466,-11.27,63.1,-14.6,65.4,-11.409718125301117,63.6901810446868,"torvik,kenpom,evanmiya",-0.123982,-11.533700125301117,3
North Carolina A&T,-12.775724867990206,68.52074376210487,-10.98,68.5,-10.8,69.6,-11.608396825496328,68.78277891078932,"torvik,kenpom,evanmiya",0.0,-11.608396825496328,3
Le Moyne,-12.744117007798195,69.46700855496924,-11.81,69.5,-10.3,70.4,-11.782793877924323,69.71262820811347,"torvik,kenpom,evanmiya",0.0,-11.782793877924323,3
Florida A&M,-10.575161801106432,67.98084490692905,-13.01,68.2,-12.1,69.8,-11.869435675414913,68.51781684009839,"torvik,kenpom,evanmiya",0.0,-11.869435675414913,3
Louisiana,-10.263051500567542,63.27054325224708,-13.28,63.2,-11.2,65.0,-11.62864431271283,63.67645371959266,"torvik,kenpom,evanmiya",-0.289912,-11.918556312712829,3
USC Upstate,-11.728434198371403,67.57773315094045,-12.4,67.5,-11.5,69.4,-11.923162824389276,68.00414993160267,"torvik,kenpom,evanmiya",0.0,-11.923162824389276,3
Texas Southern,-12.22353320046625,68.66771834656132,-13.35,68.7,-10.0,70.1,-12.090074950174843,69.0378943799605,"torvik,kenpom,evanmiya",0.0,-12.090074950174843,3
Alabama A&M,-12.516587200701593,65.22795338718345,-12.73,65.3,-11.3,67.3,-12.292470200263097,65.77298252019379,"torvik,kenpom,evanmiya",0.0,-12.292470200263097,3
Central Connecticut,-12.977456837646443,64.84182824429759,-12.71,65.0,-10.8,66.1,-12.332796314117417,65.21568559161159,"torvik,kenpom,evanmiya",0.0,-12.332796314117417,3
Oral Roberts,-11.706654983885883,67.72576253881796,-12.9,67.7,-12.7,69.3,-12.402495618957207,68.10966095205674,"torvik,kenpom,evanmiya",0.0,-12.402495618957207,3
Stetson,-12.731955871818712,66.76389918023145,-12.55,66.7,-12.0,68.1,-12.480733451932018,67.0739621925868,"torvik,kenpom,evanmiya",0.0,-12.480733451932018,3
Evansville,-11.955676437762989,66.95546813517414,-12.85,67.0,-12.9,68.0,-12.52712866416112,67.2333005506903,"torvik,kenpom,evanmiya",0.0,-12.52712866416112,3
Arkansas Pine Bluff,-10.903613322005683,69.28082332472603,-13.31,68.9,-14.0,70.7,-12.58010499575213,69.49280874677225,"torvik,kenpom,evanmiya",0.0,-12.58010499575213,3
Wagner,-13.156767218092497,65.48033408430577,-12.68,65.4,-11.9,66.4,-12.663787706784687,65.68012528161466,"torvik,kenpom,evanmiya",0.0,-12.663787706784687,3
Georgia St.,-12.692378048995835,67.92134093256429,-12.94,67.8,-12.9,69.2,-12.837141768373437,68.1955028497116,"torvik,kenpom,evanmiya",-0.0092625,-12.846404268373437,3
Little Rock,-15.692094965688923,66.46412040760582,-12.96,66.6,-8.7,67.9,-12.919535612133348,66.87404515285218,"torvik,kenpom,evanmiya",0.0,-12.919535612133348,3
Alabama St.,-12.049206389091893,69.28330523529307,-14.43,69.5,-13.2,70.3,-13.22970239590946,69.6187394632349,"torvik,kenpom,evanmiya",0.0,-13.22970239590946,3
IU Indy,-11.308302735646194,73.67010598488105,-13.89,73.2,-17.2,73.8,-13.749363525867324,73.5262897443304,"torvik,kenpom,evanmiya",0.0,-13.749363525867324,3
Tennessee Tech,-15.472175485177317,67.04447414773915,-13.33,66.8,-11.9,68.4,-13.775815806941493,67.29167780540217,"torvik,kenpom,evanmiya",0.0,-13.775815806941493,3
UMass Lowell,-14.462332733601102,69.31938745286234,-14.62,69.1,-11.7,70.2,-13.830874775100412,69.45727029482337,"torvik,kenpom,evanmiya",0.0,-13.830874775100412,3
Albany,-14.458527813400678,65.2751230954355,-14.94,65.2,-11.8,66.8,-13.974447930025253,65.62817116078831,"torvik,kenpom,evanmiya",0.0,-13.974447930025253,3
Loyola MD,-15.920088395000278,68.19776332323737,-14.81,68.2,-11.4,69.3,-14.373783148125105,68.47416124621401,"torvik,kenpom,evanmiya",0.0,-14.373783148125105,3
Cleveland St.,-13.870684038084775,69.59970832712001,-14.62,69.7,-15.0,70.6,-14.43400651428179,69.88739062267001,"torvik,kenpom,evanmiya",0.0,-14.43400651428179,3
Lafayette,-14.943967087020141,66.81347021703807,-15.18,66.7,-12.8,68.0,-14.496487657632553,67.06755133138928,"torvik,kenpom,evanmiya",0.0,-14.496487657632553,3
Northern Arizona,-13.652964088969298,63.78571327873419,-14.48,63.8,-15.9,65.6,-14.524861533363486,64.24464247952531,"torvik,kenpom,evanmiya",0.0,-14.524861533363486,3
Norfolk St.,-17.14352851771801,68.11966402227566,-15.38,68.2,-10.7,68.8,-14.871323194144253,68.31987400835338,"torvik,kenpom,evanmiya",0.0,-14.871323194144253,3
Eastern Illinois,-15.950889506203055,65.64005289878475,-14.86,65.6,-14.1,67.1,-15.079083564826146,65.99001983704429,"torvik,kenpom,evanmiya",0.0,-15.079083564826146,3
NJIT,-14.709005162101093,68.04869182652133,-16.85,67.8,-14.2,69.2,-15.38462693578791,68.2432594349455,"torvik,kenpom,evanmiya",0.0,-15.38462693578791,3
Bucknell,-15.286218486915502,67.05209727619456,-16.62,66.9,-13.7,68.0,-15.389831932593314,67.23203647857297,"torvik,kenpom,evanmiya",0.0,-15.389831932593314,3
New Haven,-15.593745303413115,63.389018573519834,-16.09,63.3,-14.7,65.6,-15.556404488779918,63.908381965069935,"torvik,kenpom,evanmiya",0.0,-15.556404488779918,3
Cal St. Bakersfield,-15.638834802065674,70.04102259446297,-15.28,70.1,-16.4,71.1,-15.694563050774628,70.32788347292362,"torvik,kenpom,evanmiya",0.0,-15.694563050774628,3
Stonehill,-16.37136910864166,66.38218995814535,-17.32,66.3,-14.1,67.1,-16.15926341574062,66.53082123430451,"torvik,kenpom,evanmiya",0.0,-16.15926341574062,3
Holy Cross,-17.23221369870376,65.43557328736341,-16.42,65.5,-14.2,67.1,-16.16958013701391,65.87583998276128,"torvik,kenpom,evanmiya",0.0,-16.16958013701391,3
Manhattan,-18.090137524510496,67.96571629515704,-16.46,67.8,-13.4,69.2,-16.30630157169144,68.21214361068388,"torvik,kenpom,evanmiya",0.0,-16.30630157169144,3
North Florida,-16.86780642386897,70.50493251375488,-17.47,70.4,-16.8,71.3,-17.076677408950864,70.66434969265808,"torvik,kenpom,evanmiya",0.0,-17.076677408950864,3
Niagara,-17.46225383843982,62.22634036391649,-18.48,62.1,-15.2,64.0,-17.27834518941493,62.622377636468684,"torvik,kenpom,evanmiya",0.0,-17.27834518941493,3
Fairleigh Dickinson,-18.398033087375254,64.05326269111976,-17.63,63.8,-15.7,66.2,-17.43551240776572,64.49497350916991,"torvik,kenpom,evanmiya",0.0,-17.43551240776572,3
Jackson St.,-17.276637151407755,69.57746143386744,-18.86,69.4,-15.4,70.4,-17.401238931777907,69.7165480377003,"torvik,kenpom,evanmiya",-0.0864,-17.48763893177791,3
Army,-18.78528013697712,67.16116670249238,-18.39,67.1,-15.3,68.1,-17.765730051366422,67.37293751343464,"torvik,kenpom,evanmiya",0.0,-17.765730051366422,3
Southern Indiana,-18.612043474353342,67.72076608484268,-18.61,67.5,-16.2,69.2,-18.008266302882504,68.00778728181601,"torvik,kenpom,evanmiya",0.0,-18.008266302882504,3
Northern Illinois,-18.008991941276193,67.48266487298018,-17.23,67.4,-19.3,69.4,-18.039621977978573,67.93099932736757,"torvik,kenpom,evanmiya",0.0,-18.039621977978573,3
North Alabama,-18.127009990317802,64.82429060573108,-19.27,64.8,-16.6,66.3,-18.173878746369176,65.18410897714915,"torvik,kenpom,evanmiya",0.0,-18.173878746369176,3
UTSA,-17.67131081435666,68.58944456802793,-18.65,68.5,-17.4,69.8,-17.970491555383745,68.85854171301047,"torvik,kenpom,evanmiya",-0.24552000000000002,-18.216011555383744,3
Canisius,-18.424538500839063,64.05925651255296,-19.22,64.2,-16.7,65.8,-18.291701937814647,64.54722119220736,"torvik,kenpom,evanmiya",-0.09072000000000001,-18.382421937814648,3
Chicago St.,-18.778666416312277,65.64219872249423,-19.58,65.3,-18.3,67.4,-18.959499906117102,65.95332452093533,"torvik,kenpom,evanmiya",0.0,-18.959499906117102,3
Alcorn St.,-18.485840599267604,67.94678400341508,-20.17,67.2,-18.6,68.7,-19.14594022472535,67.85504400128066,"torvik,kenpom,evanmiya",0.0,-19.14594022472535,3
The Citadel,-20.625893571486642,64.18051623846965,-20.29,64.3,-15.8,65.7,-19.29346008930749,64.60519358942612,"torvik,kenpom,evanmiya",0.0,-19.29346008930749,3
Air Force,-18.138151164799282,66.3071075756327,-19.95,66.3,-20.3,67.4,-19.35805668679973,66.57766534086227,"torvik,kenpom,evanmiya",-0.036337499999999995,-19.39439418679973,3
Maine,-19.59732197460488,64.74655975635888,-20.33,64.7,-17.7,66.2,-19.39774574047683,65.09245990863458,"torvik,kenpom,evanmiya",0.0,-19.39774574047683,3
New Hampshire,-20.59774603030756,67.38610640576526,-20.71,67.4,-18.3,68.9,-20.065404761365336,67.76978990216199,"torvik,kenpom,evanmiya",0.0,-20.065404761365336,3
North Carolina Central,-22.76875742928368,65.74768577139322,-21.14,65.7,-16.6,67.0,-20.615784035981378,66.04288216427247,"torvik,kenpom,evanmiya",0.0,-20.615784035981378,3
Morgan St.,-22.737460534859892,70.46333951506946,-21.78,70.7,-17.7,71.6,-21.119047700572462,70.83625231815105,"torvik,kenpom,evanmiya",0.0,-21.119047700572462,3
Maryland Eastern Shore,-23.30352014793533,63.26997042518843,-20.85,63.1,-18.3,65.0,-21.13257005547575,63.638738909445664,"torvik,kenpom,evanmiya",0.0,-21.13257005547575,3
Louisiana Monroe,-21.186182844401316,70.25081164570636,-21.05,70.1,-22.6,70.8,-21.488568566650493,70.33155436713989,"torvik,kenpom,evanmiya",0.0,-21.488568566650493,3
South Carolina St.,-21.942930292176086,68.84655678720567,-23.55,68.7,-17.9,70.3,-21.534848859566033,69.15495879520213,"torvik,kenpom,evanmiya",0.0,-21.534848859566033,3
Saint Francis,-21.889630682910465,69.98719103841947,-22.26,69.9,-20.0,70.9,-21.556111506091426,70.18269663940731,"torvik,kenpom,evanmiya",0.0,-21.556111506091426,3
Bryant,-23.44272115021991,64.23636039473442,-23.01,64.2,-19.1,66.2,-22.194770431332465,64.7136351480254,"torvik,kenpom,evanmiya",0.0,-22.194770431332465,3
Rider,-24.231646150938573,65.67265806770368,-24.43,65.8,-20.3,66.8,-23.32311730660196,66.00224677538888,"torvik,kenpom,evanmiya",0.0,-23.32311730660196,3
Binghamton,-24.626726513769,65.52213010630608,-25.5,65.3,-20.0,66.8,-23.797522442663375,65.75829878986478,"torvik,kenpom,evanmiya",0.0,-23.797522442663375,3
VMI,-25.76977938873479,66.82837571541111,-26.28,66.7,-20.8,68.3,-24.718667270775544,67.14814089327918,"torvik,kenpom,evanmiya",0.0,-24.718667270775544,3
Kansas City,-24.286526248315624,69.73261354262738,-25.1,69.8,-25.0,70.4,-24.76994734311836,69.92473007848525,"torvik,kenpom,evanmiya",0.0,-24.76994734311836,3
Delaware St.,-26.102563372032975,65.49068603244292,-27.27,65.3,-21.7,67.1,-25.439711264512365,65.8215072621661,"torvik,kenpom,evanmiya",0.0,-25.439711264512365,3
Coppin St.,-27.80737386637476,68.56905639125199,-27.57,68.0,-20.8,69.6,-25.966515199890534,68.6133961467195,"torvik,kenpom,evanmiya",0.0,-25.966515199890534,3
Gardner Webb,-26.713130540455452,69.59752086029934,-26.42,69.2,-24.9,70.5,-26.149923952670797,69.67407032261225,"torvik,kenpom,evanmiya",0.0,-26.149923952670797,3
Western Illinois,-30.543559433790733,66.47942965749691,-28.47,66.5,-25.1,67.5,-28.405084787671527,66.74228612156134,"torvik,kenpom,evanmiya",0.0,-28.405084787671527,3
Mississippi Valley St.,-29.827209295217088,67.19842816325938,-31.33,67.0,,,-30.578604647608543,67.09921408162968,"torvik,kenpom",0.0,-30.578604647608543,2
